{
    "workflows": {
        "wf_etl_analytics_dq_epto": {
            "description": "",
            "default_run_properties": {},
            "max_concurrent_runs": 1,
            "triggers": {
                "tr_main_etl": {
                    "type": "SCHEDULED",
                    "schedule": "cron(30 12 * * ? *)",
                    "enabled": "true",
                    "actions": [
                        {
                            "job_name": "msil_epto_etl_main",
                            "crawler_name": null,
                            "security_configuration": null,
                            "timeout": null,
                            "arguments": {},
                            "notification_property": {}
                        },
                        {
                            "job_name": "msil_epto_extract_mtb",
                            "crawler_name": null,
                            "security_configuration": null,
                            "timeout": null,
                            "arguments": {},
                            "notification_property": {}
                        }
                    ],
                    "event_batching_condition": null
                },
                "tr_feature_data": {
                    "type": "CONDITIONAL",
                    "schedule": null,
                    "predicate": {
                        "logical": "AND",
                        "conditions": [
                            {
                                "job_name": "msil_epto_etl_main",
                                "state": "SUCCEEDED",
                                "logical_operator": "EQUALS",
                                "crawler_name": null,
                                "crawler_state": null
                            },
                            {
                                "job_name": "msil_epto_extract_mtb",
                                "state": "SUCCEEDED",
                                "logical_operator": "EQUALS",
                                "crawler_name": null,
                                "crawler_state": null
                            }
                        ]
                    },
                    "actions": [
                        {
                            "job_name": "msil_epto_create_feature_data",
                            "crawler_name": null,
                            "security_configuration": null,
                            "timeout": null,
                            "arguments": {},
                            "notification_property": {}
                        }
                    ],
                    "event_batching_condition": null
                },
                "tr_data_quality": {
                    "type": "CONDITIONAL",
                    "schedule": null,
                    "predicate": {
                        "logical": "AND",
                        "conditions": [
                            {
                                "job_name": "msil_epto_create_feature_data",
                                "state": "SUCCEEDED",
                                "logical_operator": "EQUALS",
                                "crawler_name": null,
                                "crawler_state": null
                            }
                        ]
                    },
                    "actions": [
                        {
                            "job_name": "assembly_crank_v1_dq_from_athena_source",
                            "crawler_name": null,
                            "security_configuration": null,
                            "timeout": null,
                            "arguments": {},
                            "notification_property": {}
                        },
                        {
                            "job_name": "machining_cam_shaft_measurement_v1_dq_from_athena_source",
                            "crawler_name": null,
                            "security_configuration": null,
                            "timeout": null,
                            "arguments": {},
                            "notification_property": {}
                        },
                        {
                            "job_name": "machining_cam_shaft_rotor_v1_dq_from_athena_source",
                            "crawler_name": null,
                            "security_configuration": null,
                            "timeout": null,
                            "arguments": {},
                            "notification_property": {}
                        },
                        {
                            "job_name": "machining_crank_shaft_measurement_v1_dq_from_athena_source",
                            "crawler_name": null,
                            "security_configuration": null,
                            "timeout": null,
                            "arguments": {},
                            "notification_property": {}
                        },
                        {
                            "job_name": "machining_cylinder_block_bore_data_v1_dq_from_athena_source",
                            "crawler_name": null,
                            "security_configuration": null,
                            "timeout": null,
                            "arguments": {},
                            "notification_property": {}
                        },
                        {
                            "job_name": "machining_cylinder_bore_jr_data_v1_dq_from_athena_source",
                            "crawler_name": null,
                            "security_configuration": null,
                            "timeout": null,
                            "arguments": {},
                            "notification_property": {}
                        },
                        {
                            "job_name": "machining_cylinder_bore_jr_mapping_v1_dq_from_athena_source",
                            "crawler_name": null,
                            "security_configuration": null,
                            "timeout": null,
                            "arguments": {},
                            "notification_property": {}
                        },
                        {
                            "job_name": "machining_cylinder_head_cam_bore_v1_dq_from_athena_source",
                            "crawler_name": null,
                            "security_configuration": null,
                            "timeout": null,
                            "arguments": {},
                            "notification_property": {}
                        },
                        {
                            "job_name": "mtb_athena_table_data_v1_dq_from_athena_source",
                            "crawler_name": null,
                            "security_configuration": null,
                            "timeout": null,
                            "arguments": {},
                            "notification_property": {}
                        }
                    ],
                    "event_batching_condition": null
                }
            }
        },
        "pricing-cost-template": {
               "description":"account price & billing data",
               "default_run_properties":{
               },
               "max_concurrent_runs":2,
               "triggers":{
                  "tr_billing_cost":{
                     "type":"SCHEDULED",
                     "schedule":"cron(30 0 * * ? *)",
                     "enabled":"true",
                     "actions":[
                        {
                           "job_name":"billing_cost_management"
                        }
                     ]
                  },
                  "tr_status_log": {
                    "type": "CONDITIONAL",
                    "enabled": "true",
                    "schedule": null,
                    "predicate": {
                        "logical": "ANY",
                        "conditions": [
                            {
                                "job_name": "billing_cost_management",
                                "state": "SUCCEEDED",
                                "logical_operator": "EQUALS",
                                "crawler_name": null,
                                "crawler_state": null
                            }
                        ]
                    },
                    "actions": [
                        {
                            "job_name": "glue_job_run_status_log",
                            "crawler_name": null,
                            "security_configuration": null,
                            "timeout": null,
                            "arguments": {},
                            "notification_property": {}
                        }
                    ],
                    "event_batching_condition": null
                }
               }
            }
    }
}
