{
  "env": "prod",
  "account_number": 123124532142,
  "inferencing": {
    "evaluation_job_params": {
      "path": "model/inferencing_job/evaluation/inferencing_summary.py",
      "additional_arguments": {
        "--additional-python-modules": "pythena,ndjson==0.3.1,pynamodb==5.5.0,scikit-learn==1.3.0,pandas==1.5.3,awswrangler==3.3.0"
      }
    },
    "gatekeeper_job_params": {
      "path": "model/inferencing_job/gatekeeper/gatekeeper.py",
      "additional_arguments": {}
    },
    "batch_vpc": {
      "vpc_id": "vpc-12341241325",
      "subnet_ids": [
        "subnet-12412412421",
        "subnet-21412451234",
        "subnet-214124124"
      ]
    }
  },
  "eap_dq_bucket_name": "eap-prod-apsouth1-glue-cross-account-bucket",
  "monitoring": {
    "glue_data_quality_params": {
      "path": "model/common/monitoring/data_quality_eap.py",
      "additional_arguments": {
        "--job_frequency": "Monthly",
        "--solution_type": "Batch",
        "--solution_category": "Forecasting",
        "--additional-python-modules": "pythena,ndjson==0.3.1,pynamodb==5.5.0,scikit-learn==1.3.0,pandas==1.5.3,awswrangler==3.3.0"
      }
    },
    "glue_feature_store_params": {
      "path": "model/training_job/monitoring/sample_feature_store.py",
      "additional_arguments": {
        "--feature_store_role_arn": "arn:aws:iam::825589354750:role/eap-prod-apsouth1-feature-store-role",
        "--eap_central_bucket": "eap-prod-apsouth1-feature-store-bucket"
      }
    },
    "glue_inferencing_model_quality_params": {
      "path": "model/inferencing_job/monitoring/inference_model_quality_eap.py",
      "additional_arguments": {
        "--solution_type": "Batch",
        "--solution_category": "Forecasting",
        "--additional-python-modules": "pythena,ndjson==0.3.1,pynamodb==5.5.0,scikit-learn==1.3.0,pandas==1.5.3,awswrangler==3.3.0"
      }
    },
    "glue_training_model_quality_params": {
      "path": "model/training_job/monitoring/training_model_quality_eap.py",
      "additional_arguments": {
        "--solution_type": "Batch",
        "--solution_category": "Forecasting",
        "--additional-python-modules": "pythena,ndjson==0.3.1,pynamodb==5.5.0,scikit-learn==1.3.0,pandas==1.5.3,awswrangler==3.3.0"
      }
    }
  },
  "analytics_etl": {
    "expected_dq_job_count": 5,
    "glue_config_paths": [
      "env/prod/glue_jobs.config.json",
      "env/prod/glue_wf.config.json"
    ]
  }
}