{
    "date_lag": 7,
    "#set_value_to_9999": "#when set for normal run",
    "#sample_start_date": "#datetime(2023, 12, 12), no leading zeros for month,day",
    "#sample_end_date": "#datetime(2023, 12, 12), no leading zeros for month,day",
    "start_date": "9999",
    "end_date": "9999",
    "db_name": "msil_epto_etl",
    "table_name": "mtb_athena_table_data_v1",
    "log_group_name": "msil_epto_glue_etl",
    "source_bucket_name": "msil-raw-crossaccoun-59nbfnpm4w6xgpc9yf8ys9t8nmnyaaps3b-s3alias",
    "topic_name": "msil_epto_topic"
}