{
    "date_lag": 1,
    "#set_value_to_9999": "#when set for normal run",
    "partition_year": "9999",
    "partition_month": "9999",
    "#default_set_value": "9999",
    "#sample_partition_year": "2023",
    "#sample_partition_month": "09",
    "db_name": "msil_epto_etl",
    "starting_year": 2022,
    "starting_month": 12,
    "log_group_name": "msil_epto_glue_etl",
    "topic_name": "msil_epto_topic",
    "master_config": {
        "assembly_crank_config": 1,
        "machining_cylinder_head_cam_bore_config": 1,
        "machining_cylinder_block_bore_config": 1,
        "machining_cylinder_bore_jr_config": 1,
        "machining_cam_shaft_rotor_config": 1,
        "machining_cam_shaft_measurement_config": 1,
        "machining_crank_shaft_measurement_config": 1,
        "machining_cylinder_bore_jr_mapping_config": 1
    },
    "assembly_crank_config": {
        "s3_prefix": "extracted_data/assembly_crank_v1/mcpm_mcid=",
        "table_name": "assembly_crank_v1",
        "machine_id": [
            "2AEA01CS01801"
        ]
    },
    "machining_cylinder_head_cam_bore_config": {
        "s3_prefix": "extracted_data/machining_cylinder_head_cam_bore_v1/mcpm_mcid=",
        "table_name": "machining_cylinder_head_cam_bore_v1",
        "machine_id": [
            "2MCH01OP02801",
            "2MCH02OP02801"
        ]
    },
    "machining_cylinder_block_bore_config": {
        "s3_prefix": "extracted_data/machining_cylinder_block_bore_data_v1/mcpm_mcid=",
        "table_name": "machining_cylinder_block_bore_data_v1",
        "machine_id": [
            "2MCB01OP02101",
            "2MCB02OP02101"
        ]
    },
    "machining_cylinder_bore_jr_config": {
        "s3_prefix": "extracted_data/machining_cylinder_bore_jr_data_v1/mcpm_mcid=",
        "table_name": "machining_cylinder_bore_jr_data_v1",
        "machine_id": [
            "2MCB01OP01403",
            "2MCB02OP01403"
        ]
    },
    "machining_cam_shaft_rotor_config": {
        "s3_prefix": "extracted_data/machining_cam_shaft_rotor_v1/mcpm_mcid=",
        "table_name": "machining_cam_shaft_rotor_v1",
        "machine_id": [
            "2MCA01OP01901",
            "2MCA02OP01901"
        ]
    },
    "machining_cam_shaft_measurement_config": {
        "s3_prefix": "extracted_data/machining_cam_shaft_measurement_v1/mcpm_mcid=",
        "table_name": "machining_cam_shaft_measurement_v1",
        "machine_id": [
            "2MCA01OP01401",
            "2MCA02OP01401"
        ]
    },
    "machining_crank_shaft_measurement_config": {
        "s3_prefix": "extracted_data/machining_crank_shaft_measurement_v1/mcpm_mcid=",
        "table_name": "machining_crank_shaft_measurement_v1",
        "machine_id": [
            "2MCR01OP02201",
            "2MCR02OP02201"
        ]
    },
    "machining_cylinder_bore_jr_mapping_config": {
        "s3_prefix": "extracted_data/machining_cylinder_bore_jr_mapping_v1/mcpm_mcid=",
        "table_name": "machining_cylinder_bore_jr_mapping_v1",
        "machine_id": [
            "2MCB01OP01801",
            "2MCB02OP01801"
        ]
    }
}