{
  "repo_url": "https://github.com/MSIL-Analytics-ACE/template-bu-use-case-dapm-framework/tree/main",
  "use_case_name": "epto",
  "region": "ap-south-1",
  "utils_path": "utils",
  "mapping_json_path": "model/common/mapping.json",
  "training": {
    "evaluation_job_params": {
      "path": "model/training_job/evaluation/evaluation_summary.py",
      "additional_arguments": {
        "--additional-python-modules": "pythena,ndjson==0.3.1,pynamodb==5.5.0,scikit-learn==1.3.0,pandas==1.5.3,awswrangler==3.3.0" 
      }
    },
    "gatekeeper_job_params": {
      "path": "model/training_job/gatekeeper/gatekeeper.py",
      "additional_arguments": {}
    }
  },
  "enable_monitoring": true,
  "sagemaker_studio": "sagemaker-studio"
}