{
    "jobs": {
        "billing_cost_management": {
            "file_name": "billing_cost_management.py",
            "description": "",
            "glue_version": "4.0",
            "role_arn": "arn:aws:iam::${tfvars_account_number}:role/${tfvars_name_prefix}-dapf-analytics-etl-glue-job-role",
            "number_of_workers": 2,
            "worker_type": "G.1X",
            "timeout": 60,
            "connections": [],
            "type": "glueetl",
            "python_version": "3",
            "default_arguments": {
                "--region": "${tfvars_region}",
                "--enable-glue-datacatalog": "true",
                "--job-bookmark-option": "job-bookmark-disable",
                "--TempDir": "s3://${tfvars_analytics_internal_bucket}/temporary/",
                "--email_ssn_topic_arn": "${tfvars_common_sns_topic}",
                "--enable-metrics": "true",
                "--enable-spark-ui": "true",
                "--extra-py-files": "s3://${tfvars_analytics_internal_bucket}/src/python/utils/billing_cost_helperfunction.py",
                "--spark-event-logs-path": "s3://${tfvars_analytics_internal_bucket}/sparkHistoryLogs/",
                "--enable-job-insights": "true",
                "--additional-python-modules": "pythena==1.6.0,python-dateutil,awswrangler==3.5.2",
                "--conf": "spark.sql.legacy.parquet.int96RebaseModeInRead=CORRECTED --conf spark.sql.legacy.parquet.int96RebaseModeInWrite=CORRECTED --conf spark.sql.legacy.parquet.datetimeRebaseModeInRead=CORRECTED",
                "--enable-continuous-cloudwatch-log": "true",
                "--dq_athena_db": "${tfvars_dq_athena_db}",
                "--bcm_bucket": "${tfvars_dq_s3_bucket}",
                "--job-language": "python",
                "--usecase_name": "${tfvars_use_case_name}",
                "--eap_central_bucket": "${tfvars_eap_dq_bucket_name}",
                "--consolidated_bcm_table": "billing_cost_management",
                "--end_date": "1900-01-01",
                "--start_date": "1900-01-01"
            },
            "execution_property": {
                "max_concurrent_runs": 1
            }
        },
        "glue_job_run_status_log": {
			"file_name": "glue_job_run_status_log.py",
			"description": "",
			"glue_version": "4.0",
			"role_arn": "arn:aws:iam::${tfvars_account_number}:role/${tfvars_name_prefix}-dapf-analytics-etl-glue-job-role",
			"number_of_workers": 2,
			"worker_type": "G.1X",
			"timeout": 60,
			"connections": [],
			"type": "glueetl",
			"python_version": "3",
			"default_arguments": {
				"--region": "${tfvars_region}",
				"--enable-glue-datacatalog": "true",
				"--job-bookmark-option": "job-bookmark-disable",
				"--TempDir": "s3://${tfvars_analytics_internal_bucket}/temporary/",
				"--email_ssn_topic_arn": "${tfvars_common_sns_topic}",
				"--enable-metrics": "true",
				"--enable-spark-ui": "true",
				"--extra-py-files": "s3://${tfvars_analytics_internal_bucket}/src/python/utils/dataquality_helper_functions.py",
				"--spark-event-logs-path": "s3://${tfvars_analytics_internal_bucket}/sparkHistoryLogs/",
				"--enable-job-insights": "true",
				"--additional-python-modules": "pythena==1.6.0,python-dateutil,awswrangler==3.5.2",
				"--conf": "spark.sql.legacy.parquet.int96RebaseModeInRead=CORRECTED --conf spark.sql.legacy.parquet.int96RebaseModeInWrite=CORRECTED --conf spark.sql.legacy.parquet.datetimeRebaseModeInRead=CORRECTED",
				"--enable-continuous-cloudwatch-log": "true",
				"--dq_athena_db": "${tfvars_dq_athena_db}",
				"--jrs_local_bucket": "${tfvars_dq_s3_bucket}",
				"--job-language": "python",
				"--usecase_name": "${tfvars_use_case_name}",
				"--eap_central_bucket": "${tfvars_eap_dq_bucket_name}",
				"--job_run_status_table": "etl_process_status_log",
				"--job_prefix": "epto-uat-apsouth1",
                "--historical_days":1
			},
			"execution_property": {
				"max_concurrent_runs": 1
			}
		},
        "msil_epto_etl_main": {
            "file_name": "msil_epto_etl_main.py",
            "description": "",
            "glue_version": "3.0",
            "role_arn": "arn:aws:iam::${tfvars_account_number}:role/epto-uat-apsouth1-dapf-analytics-etl-glue-job-role",
            "number_of_workers": 2,
            "worker_type": "G.1X",
            "timeout": 100,
            "connections": [],
            "type": "glueetl",
            "python_version": "3",
            "default_arguments": {
                "--region": "${tfvars_region}",
                "--enable-glue-datacatalog": "true",
                "--job-bookmark-option": "job-bookmark-disable",
                "--TempDir": "s3://${tfvars_analytics_internal_bucket}/temporary/",
                "--email_ssn_topic_arn": "${tfvars_common_sns_topic}",
                "--dqjob_cnt_parameter_name": "${tfvars_workflow_count_ssm_param_name}",
                "--enable-metrics": "true",
                "--enable-spark-ui": "true",
                "--extra-py-files": "s3://${tfvars_analytics_internal_bucket}/src/python/utils/ddls.py,s3://${tfvars_analytics_internal_bucket}/src/python/utils/common_execute_functions.py,s3://${tfvars_analytics_internal_bucket}/src/python/utils/glue_sql_query_functions.py",
                "--source_table": "spr_de_mspr_pric",
                "--spark-event-logs-path": "s3://${tfvars_analytics_internal_bucket}/sparkHistoryLogs/",
                "--enable-job-insights": "true",
                "--consolidated_dq_table": "dqresults",
                "--additional-python-modules": "pyarrow,awswrangler,watchtower",
                "--conf": "spark.sql.legacy.parquet.int96RebaseModeInRead=CORRECTED --conf spark.sql.legacy.parquet.int96RebaseModeInWrite=CORRECTED --conf spark.sql.legacy.parquet.datetimeRebaseModeInRead=CORRECTED",
                "--source_database_name": "msil_spare_pricing_sample_data_db",
                "--enable-continuous-cloudwatch-log": "true",
                "--dq_athena_db": "${tfvars_dq_athena_db}",
                "--dq_bucket": "${tfvars_dq_s3_bucket}",
                "--job-language": "python",
                "--eap_central_bucket": "${tfvars_eap_dq_bucket_name}",
                "--config_bucket": "${tfvars_dq_s3_bucket}",
                "--config_key": "src/python/utils/epto_glue_etl_config.json",
                "--account_id": "${tfvars_account_number}"
            },
            "execution_property": {
                "max_concurrent_runs": 1
            }
        },
        "msil_epto_extract_mtb": {
            "file_name": "msil_epto_extract_mtb.py",
            "description": "",
            "glue_version": "3.0",
            "role_arn": "arn:aws:iam::${tfvars_account_number}:role/epto-uat-apsouth1-dapf-analytics-etl-glue-job-role",
            "number_of_workers": 3,
            "worker_type": "G.1X",
            "timeout": 100,
            "connections": [],
            "type": "glueetl",
            "python_version": "3",
            "default_arguments": {
                "--region": "${tfvars_region}",
                "--enable-glue-datacatalog": "true",
                "--job-bookmark-option": "job-bookmark-disable",
                "--TempDir": "s3://${tfvars_analytics_internal_bucket}/temporary/",
                "--email_ssn_topic_arn": "${tfvars_common_sns_topic}",
                "--dqjob_cnt_parameter_name": "${tfvars_workflow_count_ssm_param_name}",
                "--enable-metrics": "true",
                "--enable-spark-ui": "true",
                "--extra-py-files": "s3://${tfvars_analytics_internal_bucket}/src/python/utils/ddls.py,s3://${tfvars_analytics_internal_bucket}/src/python/utils/common_execute_functions.py",
                "--source_table": "spr_de_mspr_pric",
                "--spark-event-logs-path": "s3://${tfvars_analytics_internal_bucket}/sparkHistoryLogs/",
                "--enable-job-insights": "true",
                "--consolidated_dq_table": "dqresults",
                "--additional-python-modules": "pyarrow,awswrangler,watchtower",
                "--conf": "spark.sql.legacy.parquet.int96RebaseModeInRead=CORRECTED --conf spark.sql.legacy.parquet.int96RebaseModeInWrite=CORRECTED --conf spark.sql.legacy.parquet.datetimeRebaseModeInRead=CORRECTED",
                "--source_database_name": "msil_spare_pricing_sample_data_db",
                "--enable-continuous-cloudwatch-log": "true",
                "--dq_athena_db": "${tfvars_dq_athena_db}",
                "--dq_bucket": "${tfvars_dq_s3_bucket}",
                "--job-language": "python",
                "--eap_central_bucket": "${tfvars_eap_dq_bucket_name}",
                "--config_bucket": "${tfvars_dq_s3_bucket}",
                "--config_key": "src/python/utils/epto_glue_mtb_config.json",
                "--account_id": "${tfvars_account_number}"
            },
            "execution_property": {
                "max_concurrent_runs": 1
            }
        },
        "msil_epto_create_feature_data": {
            "file_name": "msil_epto_create_feature_data.py",
            "description": "",
            "glue_version": "3.0",
            "role_arn": "arn:aws:iam::${tfvars_account_number}:role/epto-uat-apsouth1-dapf-analytics-etl-glue-job-role",
            "number_of_workers": 2,
            "worker_type": "G.2X",
            "timeout": 100,
            "connections": [],
            "type": "glueetl",
            "python_version": "3",
            "default_arguments": {
                "--region": "${tfvars_region}",
                "--enable-glue-datacatalog": "true",
                "--job-bookmark-option": "job-bookmark-disable",
                "--TempDir": "s3://${tfvars_analytics_internal_bucket}/temporary/",
                "--email_ssn_topic_arn": "${tfvars_common_sns_topic}",
                "--dqjob_cnt_parameter_name": "${tfvars_workflow_count_ssm_param_name}",
                "--enable-metrics": "true",
                "--enable-spark-ui": "true",
                "--extra-py-files": "s3://${tfvars_analytics_internal_bucket}/src/python/utils/ddls.py,s3://${tfvars_analytics_internal_bucket}/src/python/utils/common_execute_functions.py",
                "--source_table": "spr_de_mspr_pric",
                "--spark-event-logs-path": "s3://${tfvars_analytics_internal_bucket}/sparkHistoryLogs/",
                "--enable-job-insights": "true",
                "--consolidated_dq_table": "dqresults",
                "--additional-python-modules": "pyarrow,watchtower",
                "--conf": "spark.sql.legacy.parquet.int96RebaseModeInRead=CORRECTED --conf spark.sql.legacy.parquet.int96RebaseModeInWrite=CORRECTED --conf spark.sql.legacy.parquet.datetimeRebaseModeInRead=CORRECTED",
                "--source_database_name": "msil_spare_pricing_sample_data_db",
                "--enable-continuous-cloudwatch-log": "true",
                "--dq_athena_db": "${tfvars_dq_athena_db}",
                "--dq_bucket": "${tfvars_dq_s3_bucket}",
                "--job-language": "python",
                "--eap_central_bucket": "${tfvars_eap_dq_bucket_name}",
                "--s3_output_bucket": "msil-epto-uat",
                "--config_bucket": "${tfvars_dq_s3_bucket}",
                "--config_key": "src/python/utils/epto_glue_create_feature_data_config.yml"
            },
            "execution_property": {
                "max_concurrent_runs": 1
            }
        },
        "assembly_crank_v1_dq_from_athena_source": {
            "file_name": "assembly_crank_v1_dq_from_athena_source.py",
            "description": "",
            "glue_version": "3.0",
            "role_arn": "arn:aws:iam::${tfvars_account_number}:role/${tfvars_name_prefix}-dapf-analytics-etl-glue-job-role",
            "number_of_workers": 3,
            "worker_type": "G.1X",
            "timeout": 60,
            "connections": [],
            "type": "glueetl",
            "python_version": "3",
            "default_arguments": {
                "--region": "${tfvars_region}",
                "--enable-glue-datacatalog": "true",
                "--job-bookmark-option": "job-bookmark-disable",
                "--TempDir": "s3://${tfvars_analytics_internal_bucket}/temporary/",
                "--email_ssn_topic_arn": "${tfvars_common_sns_topic}",
                "--dqjob_cnt_parameter_name": "${tfvars_workflow_count_ssm_param_name}",
                "--enable-metrics": "true",
                "--enable-spark-ui": "true",
                "--extra-py-files": "s3://${tfvars_analytics_internal_bucket}/src/python/utils/dataquality_helper_functions.py,s3://${tfvars_analytics_internal_bucket}/src/python/utils/ddb_helper_functions.py,s3://${tfvars_analytics_internal_bucket}/src/python/utils/ddls.py",
                "--spark-event-logs-path": "s3://${tfvars_analytics_internal_bucket}/sparkHistoryLogs/",
                "--enable-job-insights": "true",
                "--consolidated_dq_table": "dqresults",
                "--additional-python-modules": "pyarrow,pythena,ndjson,awswrangler,watchtower",
                "--conf": "spark.sql.legacy.parquet.int96RebaseModeInRead=CORRECTED --conf spark.sql.legacy.parquet.int96RebaseModeInWrite=CORRECTED --conf spark.sql.legacy.parquet.datetimeRebaseModeInRead=CORRECTED",
                "--enable-continuous-cloudwatch-log": "true",
                "--dq_athena_db": "${tfvars_dq_athena_db}",
                "--dq_bucket": "${tfvars_dq_s3_bucket}",
                "--job-language": "python",
                "--usecase_name": "${tfvars_use_case_name}",
                "--eap_central_bucket": "${tfvars_eap_dq_bucket_name}",
                "--input_file_path": "s3://${tfvars_dq_s3_bucket}/data_check_source",
                "--source_database_name": "msil_epto_etl",
                "--source_table": "assembly_crank_v1",
                "--threshold_value": "1.0",
                "--job_frequency" : "Daily"
            },
            "execution_property": {
                "max_concurrent_runs": 1
            }
        },
        "machining_cam_shaft_measurement_v1_dq_from_athena_source": {
            "file_name": "machining_cam_shaft_measurement_v1_dq_from_athena_source.py",
            "description": "",
            "glue_version": "3.0",
            "role_arn": "arn:aws:iam::${tfvars_account_number}:role/${tfvars_name_prefix}-dapf-analytics-etl-glue-job-role",
            "number_of_workers": 3,
            "worker_type": "G.1X",
            "timeout": 60,
            "connections": [],
            "type": "glueetl",
            "python_version": "3",
            "default_arguments": {
                "--region": "${tfvars_region}",
                "--enable-glue-datacatalog": "true",
                "--job-bookmark-option": "job-bookmark-disable",
                "--TempDir": "s3://${tfvars_analytics_internal_bucket}/temporary/",
                "--email_ssn_topic_arn": "${tfvars_common_sns_topic}",
                "--dqjob_cnt_parameter_name": "${tfvars_workflow_count_ssm_param_name}",
                "--enable-metrics": "true",
                "--enable-spark-ui": "true",
                "--extra-py-files": "s3://${tfvars_analytics_internal_bucket}/src/python/utils/dataquality_helper_functions.py,s3://${tfvars_analytics_internal_bucket}/src/python/utils/ddb_helper_functions.py,s3://${tfvars_analytics_internal_bucket}/src/python/utils/ddls.py",
                "--spark-event-logs-path": "s3://${tfvars_analytics_internal_bucket}/sparkHistoryLogs/",
                "--enable-job-insights": "true",
                "--consolidated_dq_table": "dqresults",
                "--additional-python-modules": "pyarrow,pythena,ndjson,awswrangler,watchtower",
                "--conf": "spark.sql.legacy.parquet.int96RebaseModeInRead=CORRECTED --conf spark.sql.legacy.parquet.int96RebaseModeInWrite=CORRECTED --conf spark.sql.legacy.parquet.datetimeRebaseModeInRead=CORRECTED",
                "--enable-continuous-cloudwatch-log": "true",
                "--dq_athena_db": "${tfvars_dq_athena_db}",
                "--dq_bucket": "${tfvars_dq_s3_bucket}",
                "--job-language": "python",
                "--usecase_name": "${tfvars_use_case_name}",
                "--eap_central_bucket": "${tfvars_eap_dq_bucket_name}",
                "--input_file_path": "s3://${tfvars_dq_s3_bucket}/data_check_source",
                "--source_database_name": "msil_epto_etl",
                "--source_table": "machining_cam_shaft_measurement_v1",
                "--threshold_value": "1.0",
                "--job_frequency" : "Daily"
            },
            "execution_property": {
                "max_concurrent_runs": 1
            }
        },
        "machining_cam_shaft_rotor_v1_dq_from_athena_source": {
            "file_name": "machining_cam_shaft_rotor_v1_dq_from_athena_source.py",
            "description": "",
            "glue_version": "3.0",
            "role_arn": "arn:aws:iam::${tfvars_account_number}:role/${tfvars_name_prefix}-dapf-analytics-etl-glue-job-role",
            "number_of_workers": 3,
            "worker_type": "G.1X",
            "timeout": 60,
            "connections": [],
            "type": "glueetl",
            "python_version": "3",
            "default_arguments": {
                "--region": "${tfvars_region}",
                "--enable-glue-datacatalog": "true",
                "--job-bookmark-option": "job-bookmark-disable",
                "--TempDir": "s3://${tfvars_analytics_internal_bucket}/temporary/",
                "--email_ssn_topic_arn": "${tfvars_common_sns_topic}",
                "--dqjob_cnt_parameter_name": "${tfvars_workflow_count_ssm_param_name}",
                "--enable-metrics": "true",
                "--enable-spark-ui": "true",
                "--extra-py-files": "s3://${tfvars_analytics_internal_bucket}/src/python/utils/dataquality_helper_functions.py,s3://${tfvars_analytics_internal_bucket}/src/python/utils/ddb_helper_functions.py,s3://${tfvars_analytics_internal_bucket}/src/python/utils/ddls.py",
                "--spark-event-logs-path": "s3://${tfvars_analytics_internal_bucket}/sparkHistoryLogs/",
                "--enable-job-insights": "true",
                "--consolidated_dq_table": "dqresults",
                "--additional-python-modules": "pyarrow,pythena,ndjson,awswrangler,watchtower",
                "--conf": "spark.sql.legacy.parquet.int96RebaseModeInRead=CORRECTED --conf spark.sql.legacy.parquet.int96RebaseModeInWrite=CORRECTED --conf spark.sql.legacy.parquet.datetimeRebaseModeInRead=CORRECTED",
                "--enable-continuous-cloudwatch-log": "true",
                "--dq_athena_db": "${tfvars_dq_athena_db}",
                "--dq_bucket": "${tfvars_dq_s3_bucket}",
                "--job-language": "python",
                "--usecase_name": "${tfvars_use_case_name}",
                "--eap_central_bucket": "${tfvars_eap_dq_bucket_name}",
                "--input_file_path": "s3://${tfvars_dq_s3_bucket}/data_check_source",
                "--source_database_name": "msil_epto_etl",
                "--source_table": "machining_cam_shaft_rotor_v1",
                "--threshold_value": "1.0",
                "--job_frequency" : "Daily"
            },
            "execution_property": {
                "max_concurrent_runs": 1
            }
        },
        "machining_crank_shaft_measurement_v1_dq_from_athena_source": {
            "file_name": "machining_crank_shaft_measurement_v1_dq_from_athena_source.py",
            "description": "",
            "glue_version": "3.0",
            "role_arn": "arn:aws:iam::${tfvars_account_number}:role/${tfvars_name_prefix}-dapf-analytics-etl-glue-job-role",
            "number_of_workers": 3,
            "worker_type": "G.1X",
            "timeout": 60,
            "connections": [],
            "type": "glueetl",
            "python_version": "3",
            "default_arguments": {
                "--region": "${tfvars_region}",
                "--enable-glue-datacatalog": "true",
                "--job-bookmark-option": "job-bookmark-disable",
                "--TempDir": "s3://${tfvars_analytics_internal_bucket}/temporary/",
                "--email_ssn_topic_arn": "${tfvars_common_sns_topic}",
                "--dqjob_cnt_parameter_name": "${tfvars_workflow_count_ssm_param_name}",
                "--enable-metrics": "true",
                "--enable-spark-ui": "true",
                "--extra-py-files": "s3://${tfvars_analytics_internal_bucket}/src/python/utils/dataquality_helper_functions.py,s3://${tfvars_analytics_internal_bucket}/src/python/utils/ddb_helper_functions.py,s3://${tfvars_analytics_internal_bucket}/src/python/utils/ddls.py",
                "--spark-event-logs-path": "s3://${tfvars_analytics_internal_bucket}/sparkHistoryLogs/",
                "--enable-job-insights": "true",
                "--consolidated_dq_table": "dqresults",
                "--additional-python-modules": "pyarrow,pythena,ndjson,awswrangler,watchtower",
                "--conf": "spark.sql.legacy.parquet.int96RebaseModeInRead=CORRECTED --conf spark.sql.legacy.parquet.int96RebaseModeInWrite=CORRECTED --conf spark.sql.legacy.parquet.datetimeRebaseModeInRead=CORRECTED",
                "--enable-continuous-cloudwatch-log": "true",
                "--dq_athena_db": "${tfvars_dq_athena_db}",
                "--dq_bucket": "${tfvars_dq_s3_bucket}",
                "--job-language": "python",
                "--usecase_name": "${tfvars_use_case_name}",
                "--eap_central_bucket": "${tfvars_eap_dq_bucket_name}",
                "--input_file_path": "s3://${tfvars_dq_s3_bucket}/data_check_source",
                "--source_database_name": "msil_epto_etl",
                "--source_table": "machining_crank_shaft_measurement_v1",
                "--threshold_value": "1.0",
                "--job_frequency" : "Daily"
            },
            "execution_property": {
                "max_concurrent_runs": 1
            }
        },
        "machining_cylinder_block_bore_data_v1_dq_from_athena_source": {
            "file_name": "machining_cylinder_block_bore_data_v1_dq_from_athena_source.py",
            "description": "",
            "glue_version": "3.0",
            "role_arn": "arn:aws:iam::${tfvars_account_number}:role/${tfvars_name_prefix}-dapf-analytics-etl-glue-job-role",
            "number_of_workers": 3,
            "worker_type": "G.1X",
            "timeout": 60,
            "connections": [],
            "type": "glueetl",
            "python_version": "3",
            "default_arguments": {
                "--region": "${tfvars_region}",
                "--enable-glue-datacatalog": "true",
                "--job-bookmark-option": "job-bookmark-disable",
                "--TempDir": "s3://${tfvars_analytics_internal_bucket}/temporary/",
                "--email_ssn_topic_arn": "${tfvars_common_sns_topic}",
                "--dqjob_cnt_parameter_name": "${tfvars_workflow_count_ssm_param_name}",
                "--enable-metrics": "true",
                "--enable-spark-ui": "true",
                "--extra-py-files": "s3://${tfvars_analytics_internal_bucket}/src/python/utils/dataquality_helper_functions.py,s3://${tfvars_analytics_internal_bucket}/src/python/utils/ddb_helper_functions.py,s3://${tfvars_analytics_internal_bucket}/src/python/utils/ddls.py",
                "--spark-event-logs-path": "s3://${tfvars_analytics_internal_bucket}/sparkHistoryLogs/",
                "--enable-job-insights": "true",
                "--consolidated_dq_table": "dqresults",
                "--additional-python-modules": "pyarrow,pythena,ndjson,awswrangler,watchtower",
                "--conf": "spark.sql.legacy.parquet.int96RebaseModeInRead=CORRECTED --conf spark.sql.legacy.parquet.int96RebaseModeInWrite=CORRECTED --conf spark.sql.legacy.parquet.datetimeRebaseModeInRead=CORRECTED",
                "--enable-continuous-cloudwatch-log": "true",
                "--dq_athena_db": "${tfvars_dq_athena_db}",
                "--dq_bucket": "${tfvars_dq_s3_bucket}",
                "--job-language": "python",
                "--usecase_name": "${tfvars_use_case_name}",
                "--eap_central_bucket": "${tfvars_eap_dq_bucket_name}",
                "--input_file_path": "s3://${tfvars_dq_s3_bucket}/data_check_source",
                "--source_database_name": "msil_epto_etl",
                "--source_table": "machining_cylinder_block_bore_data_v1",
                "--threshold_value": "1.0",
                "--job_frequency" : "Daily"
            },
            "execution_property": {
                "max_concurrent_runs": 1
            }
        },
        "machining_cylinder_bore_jr_data_v1_dq_from_athena_source": {
            "file_name": "machining_cylinder_bore_jr_data_v1_dq_from_athena_source.py",
            "description": "",
            "glue_version": "3.0",
            "role_arn": "arn:aws:iam::${tfvars_account_number}:role/${tfvars_name_prefix}-dapf-analytics-etl-glue-job-role",
            "number_of_workers": 3,
            "worker_type": "G.1X",
            "timeout": 60,
            "connections": [],
            "type": "glueetl",
            "python_version": "3",
            "default_arguments": {
                "--region": "${tfvars_region}",
                "--enable-glue-datacatalog": "true",
                "--job-bookmark-option": "job-bookmark-disable",
                "--TempDir": "s3://${tfvars_analytics_internal_bucket}/temporary/",
                "--email_ssn_topic_arn": "${tfvars_common_sns_topic}",
                "--dqjob_cnt_parameter_name": "${tfvars_workflow_count_ssm_param_name}",
                "--enable-metrics": "true",
                "--enable-spark-ui": "true",
                "--extra-py-files": "s3://${tfvars_analytics_internal_bucket}/src/python/utils/dataquality_helper_functions.py,s3://${tfvars_analytics_internal_bucket}/src/python/utils/ddb_helper_functions.py,s3://${tfvars_analytics_internal_bucket}/src/python/utils/ddls.py",
                "--spark-event-logs-path": "s3://${tfvars_analytics_internal_bucket}/sparkHistoryLogs/",
                "--enable-job-insights": "true",
                "--consolidated_dq_table": "dqresults",
                "--additional-python-modules": "pyarrow,pythena,ndjson,awswrangler,watchtower",
                "--conf": "spark.sql.legacy.parquet.int96RebaseModeInRead=CORRECTED --conf spark.sql.legacy.parquet.int96RebaseModeInWrite=CORRECTED --conf spark.sql.legacy.parquet.datetimeRebaseModeInRead=CORRECTED",
                "--enable-continuous-cloudwatch-log": "true",
                "--dq_athena_db": "${tfvars_dq_athena_db}",
                "--dq_bucket": "${tfvars_dq_s3_bucket}",
                "--job-language": "python",
                "--usecase_name": "${tfvars_use_case_name}",
                "--eap_central_bucket": "${tfvars_eap_dq_bucket_name}",
                "--input_file_path": "s3://${tfvars_dq_s3_bucket}/data_check_source",
                "--source_database_name": "msil_epto_etl",
                "--source_table": "machining_cylinder_bore_jr_data_v1",
                "--threshold_value": "1.0",
                "--job_frequency" : "Daily"
            },
            "execution_property": {
                "max_concurrent_runs": 1
            }
        },
        "machining_cylinder_bore_jr_mapping_v1_dq_from_athena_source": {
            "file_name": "machining_cylinder_bore_jr_mapping_v1_dq_from_athena_source.py",
            "description": "",
            "glue_version": "3.0",
            "role_arn": "arn:aws:iam::${tfvars_account_number}:role/${tfvars_name_prefix}-dapf-analytics-etl-glue-job-role",
            "number_of_workers": 3,
            "worker_type": "G.1X",
            "timeout": 60,
            "connections": [],
            "type": "glueetl",
            "python_version": "3",
            "default_arguments": {
                "--region": "${tfvars_region}",
                "--enable-glue-datacatalog": "true",
                "--job-bookmark-option": "job-bookmark-disable",
                "--TempDir": "s3://${tfvars_analytics_internal_bucket}/temporary/",
                "--email_ssn_topic_arn": "${tfvars_common_sns_topic}",
                "--dqjob_cnt_parameter_name": "${tfvars_workflow_count_ssm_param_name}",
                "--enable-metrics": "true",
                "--enable-spark-ui": "true",
                "--extra-py-files": "s3://${tfvars_analytics_internal_bucket}/src/python/utils/dataquality_helper_functions.py,s3://${tfvars_analytics_internal_bucket}/src/python/utils/ddb_helper_functions.py,s3://${tfvars_analytics_internal_bucket}/src/python/utils/ddls.py",
                "--spark-event-logs-path": "s3://${tfvars_analytics_internal_bucket}/sparkHistoryLogs/",
                "--enable-job-insights": "true",
                "--consolidated_dq_table": "dqresults",
                "--additional-python-modules": "pyarrow,pythena,ndjson,awswrangler,watchtower",
                "--conf": "spark.sql.legacy.parquet.int96RebaseModeInRead=CORRECTED --conf spark.sql.legacy.parquet.int96RebaseModeInWrite=CORRECTED --conf spark.sql.legacy.parquet.datetimeRebaseModeInRead=CORRECTED",
                "--enable-continuous-cloudwatch-log": "true",
                "--dq_athena_db": "${tfvars_dq_athena_db}",
                "--dq_bucket": "${tfvars_dq_s3_bucket}",
                "--job-language": "python",
                "--usecase_name": "${tfvars_use_case_name}",
                "--eap_central_bucket": "${tfvars_eap_dq_bucket_name}",
                "--input_file_path": "s3://${tfvars_dq_s3_bucket}/data_check_source",
                "--source_database_name": "msil_epto_etl",
                "--source_table": "machining_cylinder_bore_jr_mapping_v1",
                "--threshold_value": "1.0",
                "--job_frequency" : "Daily"
            },
            "execution_property": {
                "max_concurrent_runs": 1
            }
        },
        "machining_cylinder_head_cam_bore_v1_dq_from_athena_source": {
            "file_name": "machining_cylinder_head_cam_bore_v1_dq_from_athena_source.py",
            "description": "",
            "glue_version": "3.0",
            "role_arn": "arn:aws:iam::${tfvars_account_number}:role/${tfvars_name_prefix}-dapf-analytics-etl-glue-job-role",
            "number_of_workers": 3,
            "worker_type": "G.1X",
            "timeout": 60,
            "connections": [],
            "type": "glueetl",
            "python_version": "3",
            "default_arguments": {
                "--region": "${tfvars_region}",
                "--enable-glue-datacatalog": "true",
                "--job-bookmark-option": "job-bookmark-disable",
                "--TempDir": "s3://${tfvars_analytics_internal_bucket}/temporary/",
                "--email_ssn_topic_arn": "${tfvars_common_sns_topic}",
                "--dqjob_cnt_parameter_name": "${tfvars_workflow_count_ssm_param_name}",
                "--enable-metrics": "true",
                "--enable-spark-ui": "true",
                "--extra-py-files": "s3://${tfvars_analytics_internal_bucket}/src/python/utils/dataquality_helper_functions.py,s3://${tfvars_analytics_internal_bucket}/src/python/utils/ddb_helper_functions.py,s3://${tfvars_analytics_internal_bucket}/src/python/utils/ddls.py",
                "--spark-event-logs-path": "s3://${tfvars_analytics_internal_bucket}/sparkHistoryLogs/",
                "--enable-job-insights": "true",
                "--consolidated_dq_table": "dqresults",
                "--additional-python-modules": "pyarrow,pythena,ndjson,awswrangler,watchtower",
                "--conf": "spark.sql.legacy.parquet.int96RebaseModeInRead=CORRECTED --conf spark.sql.legacy.parquet.int96RebaseModeInWrite=CORRECTED --conf spark.sql.legacy.parquet.datetimeRebaseModeInRead=CORRECTED",
                "--enable-continuous-cloudwatch-log": "true",
                "--dq_athena_db": "${tfvars_dq_athena_db}",
                "--dq_bucket": "${tfvars_dq_s3_bucket}",
                "--job-language": "python",
                "--usecase_name": "${tfvars_use_case_name}",
                "--eap_central_bucket": "${tfvars_eap_dq_bucket_name}",
                "--input_file_path": "s3://${tfvars_dq_s3_bucket}/data_check_source",
                "--source_database_name": "msil_epto_etl",
                "--source_table": "machining_cylinder_head_cam_bore_v1",
                "--threshold_value": "1.0",
                "--job_frequency" : "Daily"
            },
            "execution_property": {
                "max_concurrent_runs": 1
            }
        },
        "mtb_athena_table_data_v1_dq_from_athena_source": {
            "file_name": "mtb_athena_table_data_v1_dq_from_athena_source.py",
            "description": "",
            "glue_version": "3.0",
            "role_arn": "arn:aws:iam::${tfvars_account_number}:role/${tfvars_name_prefix}-dapf-analytics-etl-glue-job-role",
            "number_of_workers": 3,
            "worker_type": "G.1X",
            "timeout": 60,
            "connections": [],
            "type": "glueetl",
            "python_version": "3",
            "default_arguments": {
                "--region": "${tfvars_region}",
                "--enable-glue-datacatalog": "true",
                "--job-bookmark-option": "job-bookmark-disable",
                "--TempDir": "s3://${tfvars_analytics_internal_bucket}/temporary/",
                "--email_ssn_topic_arn": "${tfvars_common_sns_topic}",
                "--dqjob_cnt_parameter_name": "${tfvars_workflow_count_ssm_param_name}",
                "--enable-metrics": "true",
                "--enable-spark-ui": "true",
                "--extra-py-files": "s3://${tfvars_analytics_internal_bucket}/src/python/utils/dataquality_helper_functions.py,s3://${tfvars_analytics_internal_bucket}/src/python/utils/ddb_helper_functions.py,s3://${tfvars_analytics_internal_bucket}/src/python/utils/ddls.py",
                "--spark-event-logs-path": "s3://${tfvars_analytics_internal_bucket}/sparkHistoryLogs/",
                "--enable-job-insights": "true",
                "--consolidated_dq_table": "dqresults",
                "--additional-python-modules": "pyarrow,pythena,ndjson,awswrangler,watchtower",
                "--conf": "spark.sql.legacy.parquet.int96RebaseModeInRead=CORRECTED --conf spark.sql.legacy.parquet.int96RebaseModeInWrite=CORRECTED --conf spark.sql.legacy.parquet.datetimeRebaseModeInRead=CORRECTED",
                "--enable-continuous-cloudwatch-log": "true",
                "--dq_athena_db": "${tfvars_dq_athena_db}",
                "--dq_bucket": "${tfvars_dq_s3_bucket}",
                "--job-language": "python",
                "--usecase_name": "${tfvars_use_case_name}",
                "--eap_central_bucket": "${tfvars_eap_dq_bucket_name}",
                "--input_file_path": "s3://${tfvars_dq_s3_bucket}/data_check_source",
                "--source_database_name": "msil_epto_etl",
                "--source_table": "mtb_athena_table_data_v1",
                "--threshold_value": "1.0",
                "--job_frequency" : "Daily"
            },
            "execution_property": {
                "max_concurrent_runs": 1
            }
        }
    }
}